{"mean":{"confidence_interval":{"confidence_level":0.95,"lower_bound":8617842.979791665,"upper_bound":8637575.546333332},"point_estimate":8627665.741666665,"standard_error":5026.588768579803},"median":{"confidence_interval":{"confidence_level":0.95,"lower_bound":8610177.333333334,"upper_bound":8640426.166666666},"point_estimate":8628603.916666666,"standard_error":7861.816675153121},"median_abs_dev":{"confidence_interval":{"confidence_level":0.95,"lower_bound":35648.127967117376,"upper_bound":60798.30837186419},"point_estimate":49204.280826448936,"standard_error":6333.901660075097},"slope":null,"std_dev":{"confidence_interval":{"confidence_level":0.95,"lower_bound":43173.432397282646,"upper_bound":57119.334637427375},"point_estimate":50515.47418250099,"standard_error":3559.2418354995366}}