{"mean":{"confidence_interval":{"confidence_level":0.95,"lower_bound":0.05851144156811637,"upper_bound":0.06146392869684854},"point_estimate":0.05999105822405637,"standard_error":0.0007561666161083535},"median":{"confidence_interval":{"confidence_level":0.95,"lower_bound":0.05807137458000011,"upper_bound":0.06200335811544888},"point_estimate":0.060001481130046885,"standard_error":0.0010312709103818083}}