{"mean":{"confidence_interval":{"confidence_level":0.95,"lower_bound":0.015095670851779847,"upper_bound":0.0175745673853506},"point_estimate":0.016389041740551002,"standard_error":0.0006367665064286454},"median":{"confidence_interval":{"confidence_level":0.95,"lower_bound":0.014457245245409379,"upper_bound":0.016580400820793706},"point_estimate":0.015625277873272836,"standard_error":0.0006312473768119557}}