{"mean":{"confidence_interval":{"confidence_level":0.95,"lower_bound":-0.0013021730518267658,"upper_bound":0.00257018234112929},"point_estimate":0.000649090145867337,"standard_error":0.0009391675600578623},"median":{"confidence_interval":{"confidence_level":0.95,"lower_bound":-0.003706306283581262,"upper_bound":-0.0021808620115921773},"point_estimate":-0.0030338079074008206,"standard_error":0.0004128143006795608}}