{"mean":{"confidence_interval":{"confidence_level":0.95,"lower_bound":-0.05457060894106849,"upper_bound":-0.05156637021470528},"point_estimate":-0.05312811696460351,"standard_error":0.0007629828638332583},"median":{"confidence_interval":{"confidence_level":0.95,"lower_bound":-0.05501914369872751,"upper_bound":-0.05202276547048923},"point_estimate":-0.0536638683345847,"standard_error":0.0007799128639547658}}