{"mean":{"confidence_interval":{"confidence_level":0.95,"lower_bound":76401514.08075,"upper_bound":76591554.71925},"point_estimate":76494530.41,"standard_error":48648.87665471247},"median":{"confidence_interval":{"confidence_level":0.95,"lower_bound":76292170.5,"upper_bound":76467529.5},"point_estimate":76362145.5,"standard_error":52114.943029588365},"median_abs_dev":{"confidence_interval":{"confidence_level":0.95,"lower_bound":260863.4653687477,"upper_bound":516697.95162677765},"point_estimate":350637.8589749336,"standard_error":68807.73028969698},"slope":null,"std_dev":{"confidence_interval":{"confidence_level":0.95,"lower_bound":404027.7471481494,"upper_bound":558608.5559125342},"point_estimate":487868.5244755823,"standard_error":39638.90971244489}}