{"mean":{"confidence_interval":{"confidence_level":0.95,"lower_bound":81680589.17975,"upper_bound":81793756.66724999},"point_estimate":81732057.54,"standard_error":28966.417288778244},"median":{"confidence_interval":{"confidence_level":0.95,"lower_bound":81652122.0,"upper_bound":81721889.0},"point_estimate":81696013.5,"standard_error":18497.909430016694},"median_abs_dev":{"confidence_interval":{"confidence_level":0.95,"lower_bound":99340.12863636017,"upper_bound":179291.96383193127},"point_estimate":156752.33001708984,"standard_error":20648.61922905616},"slope":null,"std_dev":{"confidence_interval":{"confidence_level":0.95,"lower_bound":161410.41718019202,"upper_bound":407451.3759308336},"point_estimate":291251.03555036505,"standard_error":63789.512811113025}}