{"mean":{"confidence_interval":{"confidence_level":0.95,"lower_bound":0.007916172487573592,"upper_bound":0.010586522308797407},"point_estimate":0.009195959490324368,"standard_error":0.0006803941956202525},"median":{"confidence_interval":{"confidence_level":0.95,"lower_bound":0.007518748379247816,"upper_bound":0.010238169080329953},"point_estimate":0.008787651304807742,"standard_error":0.0007287061651203596}}