{"mean":{"confidence_interval":{"confidence_level":0.95,"lower_bound":118702738.77149999,"upper_bound":118960638.47875},"point_estimate":118827379.95,"standard_error":65579.73503610223},"median":{"confidence_interval":{"confidence_level":0.95,"lower_bound":118554234.0,"upper_bound":118769082.0},"point_estimate":118673102.0,"standard_error":70078.4462503713},"median_abs_dev":{"confidence_interval":{"confidence_level":0.95,"lower_bound":310850.806081295,"upper_bound":607542.7824139595},"point_estimate":441690.2537584305,"standard_error":74068.09547153371},"slope":null,"std_dev":{"confidence_interval":{"confidence_level":0.95,"lower_bound":518628.88323910267,"upper_bound":781977.57243288},"point_estimate":660123.2897059073,"standard_error":67445.13106566838}}