{"mean":{"confidence_interval":{"confidence_level":0.95,"lower_bound":31338260.955,"upper_bound":31407100.0665},"point_estimate":31372046.485,"standard_error":17533.862631722972},"median":{"confidence_interval":{"confidence_level":0.95,"lower_bound":31291756.75,"upper_bound":31373251.25},"point_estimate":31338575.25,"standard_error":21242.828612335074},"median_abs_dev":{"confidence_interval":{"confidence_level":0.95,"lower_bound":126507.66120404005,"upper_bound":206208.41809406862},"point_estimate":176765.94706177711,"standard_error":19358.325574554543},"slope":null,"std_dev":{"confidence_interval":{"confidence_level":0.95,"lower_bound":148772.52625487428,"upper_bound":199943.72337369533},"point_estimate":175890.80753462962,"standard_error":13086.25421968914}}